time,angle
22,0
23,11.94
24,28.01
24,30.77
25,29.39
26,31.22
27,30.77
28,31.22
29,30.77
29,23.42
30,25.26
31,28.01
32,23.42
33,24.8
34,28.93
34,22.5
35,26.63
36,21.58
37,24.8
38,21.12
39,25.26
39,20.66
40,17.45
41,19.74
43,18.83
44,16.99
45,19.29
45,18.37
46,16.99
47,20.2
48,16.99
49,16.07
50,19.29
50,18.37
51,16.99
52,20.2
53,18.37
54,18.37
55,16.99
55,18.83
56,17.45
57,17.45
58,21.12
59,19.29
59,17.45
60,17.91
61,21.12
62,19.29
63,17.91
64,17.91
64,22.5
65,20.2
66,18.83
67,19.29
68,18.83
69,17.91
69,17.91
70,19.74
71,20.66
72,18.83
73,17.91
74,17.91
74,18.37
75,17.91
76,17.45
77,17.91
78,18.37
79,18.37
79,17.91
80,17.91
81,18.37
82,18.37
83,19.74
84,18.37
84,18.83
86,18.37
87,17.91
88,17.45
89,18.83
90,17.91
90,18.83
91,18.37
92,19.29
93,19.74
94,19.29
95,19.29
95,19.29
96,19.29
97,18.83
98,20.66
99,19.74
100,20.2
100,20.2
101,20.66
102,20.2
103,19.29
104,21.58
105,21.58
106,19.74
107,21.12
108,22.04
109,19.74
110,21.58
110,21.58
111,20.66
112,22.04
113,21.58
114,21.58
115,22.04
116,22.96
117,22.96
118,22.96
119,23.42
120,24.8
121,25.26
121,23.88
122,24.8
123,24.8
124,24.8
125,24.8
126,26.63
128,25.71
129,26.63
130,27.09
131,28.01
132,27.55
132,27.55
133,27.09
134,27.09
135,29.39
136,30.31
137,30.77
138,30.77
139,29.85
140,31.22
141,31.22
142,31.68
143,32.14
143,32.6
144,33.52
145,32.6
146,33.06
147,33.06
148,33.98
149,33.52
150,35.82
151,34.9
152,34.44
153,34.9
153,34.9
154,35.36
155,34.9
156,36.73
157,35.82
158,37.19
159,37.65
160,36.73
161,36.73
162,37.19
163,37.65
164,37.19
164,38.57
165,39.03
166,39.03
167,37.65
168,39.95
169,38.11
171,39.49
172,39.95
173,40.87
174,40.87
175,39.95
175,41.33
176,41.79
177,40.87
178,41.79
179,42.7
180,42.7
181,41.33
182,42.7
183,41.79
184,43.62
185,43.62
186,43.62
186,44.08
187,44.08
188,42.7
189,45.92
190,45.92
191,45.46
192,45.46
193,47.3
194,47.3
195,48.21
196,47.76
196,49.13
197,47.76
198,48.67
199,49.13
200,50.05
201,50.05
202,50.05
203,51.43
204,49.13
205,51.89
206,52.35
207,51.89
207,51.89
208,53.27
209,53.27
210,50.97
211,53.72
212,52.81
214,53.72
215,53.72
216,54.18
217,55.1
218,56.48
218,56.02
219,56.02
220,56.02
221,56.48
222,56.94
223,57.4
224,56.02
225,58.32
226,58.78
227,58.78
228,59.23
229,59.69
229,58.78
230,57.86
231,59.69
232,59.69
233,60.61
234,60.61
235,61.07
236,60.61
237,60.15
238,62.45
239,62.45
239,62.45
240,63.37
241,62.91
242,62.45
243,63.83
244,64.74
245,64.29
246,64.29
247,65.2
248,65.66
249,65.2
250,66.12
250,65.66
251,66.58
252,67.04
253,67.04
254,67.04
256,67.5
257,68.42
258,67.96
259,68.88
260,69.34
261,69.8
261,67.5
262,69.34
263,68.88
264,70.71
265,70.26
266,70.26
267,71.63
268,71.17
269,71.17
270,72.09
271,72.09
272,72.09
272,73.47
273,73.47
274,73.47
275,73.47
276,73.93
277,73.47
278,72.09
279,72.55
280,72.09
281,72.55
282,73.93
282,73.47
283,73.01
284,75.31
285,73.01
286,73.01
287,73.93
288,73.93
289,73.47
290,74.39
291,74.85
292,74.39
293,74.39
293,74.85
294,75.31
295,75.77
296,75.77
297,76.68
299,76.22
300,76.68
301,77.14
302,78.06
303,78.98
304,78.98
304,79.44
305,79.44
306,79.44
307,79.44
308,79.44
309,78.52
310,79.44
311,79.44
312,79.9
313,80.82
314,80.36
315,80.82
315,80.82
316,81.73
317,82.19
318,81.73
319,82.19
320,81.28
321,83.11
322,82.65
323,82.65
324,83.11
325,83.57
325,83.11
326,83.11
327,94.59
328,89.08
329,85.41
330,84.95
331,85.87
332,84.03
333,83.57
334,84.95
335,85.41
336,84.03
336,86.33
337,86.79
338,87.24
339,87.7
340,86.79
342,87.24
343,88.62
344,87.7
345,88.62
346,87.7
347,88.62
347,87.24
348,88.16
349,88.62
350,88.62
351,88.62
352,88.62
353,89.08
354,90
355,90
356,90.92
357,88.62
358,90
358,90.46
359,90
360,90
361,90
362,89.54
363,90
364,91.38
365,90
366,96.89
367,100.1
368,90.46
369,91.38
369,91.38
370,90.92
371,90.92
372,90.92
373,90.46
374,90.46
375,89.08
376,90.46
377,90.46
378,90
379,90.92
380,90.46
380,91.38
381,90.92
382,90.46
384,89.54
385,89.08
386,90
387,90.46
388,90
389,90
390,90.92
391,90.46
391,89.08
392,90.46
393,91.38
394,89.54
395,90
396,89.08
397,89.08
398,89.54
399,88.62
400,89.08
401,89.08
402,89.08
402,89.54
403,90
404,88.62
405,89.54
406,90
407,88.62
408,89.08
409,89.54
410,89.08
411,89.54
412,89.08
412,88.62
413,87.7
414,88.62
415,89.08
416,88.62
417,88.62
418,88.16
419,88.62
420,89.08
421,89.54
422,88.16
423,88.62
423,88.62
424,88.16
425,88.62
427,88.62
428,92.76
429,87.7
430,88.62
431,90.92
432,93.21
433,92.76
434,92.3
434,92.76
435,90.92
436,92.3
437,88.62
438,87.7
439,88.62
440,89.08
441,89.08
442,88.62
443,87.24
444,88.16
445,88.16
445,89.08
446,88.62
447,87.7
448,87.24
449,89.08
450,88.62
451,89.08
452,89.54
453,89.08
454,88.62
455,89.08
455,89.54
456,89.54
457,90
458,89.08
459,89.54
460,89.54
461,89.08
462,89.54
463,89.08
464,89.08
465,88.62
466,88.16
466,89.08
467,89.08
468,89.08
470,89.54
471,87.7
472,89.08
473,88.62
474,87.7
475,88.16
476,89.08
477,87.7
477,88.62
478,89.08
479,88.62
480,89.08
481,88.62
482,89.08
483,88.62
484,87.7
485,87.7
486,87.24
487,89.08
488,88.16
488,88.16
489,88.16
490,88.16
491,88.62
492,86.79
493,88.16
494,88.16
495,88.16
496,87.7
497,88.16
498,88.16
498,88.62
499,88.16
500,88.16
501,88.62
502,87.7
503,87.7
504,88.16
505,88.16
506,88.16
507,88.62
508,88.16
509,88.16
509,88.16
510,88.16
512,88.16
513,87.7
514,88.16
515,87.7
516,90.92
517,90.46
518,88.62
519,90
520,90.92
520,90
521,89.08
522,87.7
523,88.16
524,88.16
525,88.16
526,88.62
527,88.16
528,87.7
529,86.79
530,87.24
531,88.16
531,87.7
532,88.16
533,87.24
534,87.7
535,87.7
536,88.16
537,88.16
538,88.62
539,88.62
540,88.16
541,88.62
541,88.62
542,88.16
543,88.16
544,88.62
545,87.7
546,88.62
547,89.54
548,88.16
549,87.24
550,88.16
551,88.16
552,88.16
552,88.62
553,87.24
555,89.08
556,88.62
557,88.16
558,90.46
559,91.38
560,90.46
561,91.38
562,88.62
563,89.08
563,90.46
564,89.08
565,88.62
566,87.7
567,88.16
568,87.7
569,88.16
570,88.16
571,87.7
572,88.62
573,88.62
574,87.7
574,88.16
575,88.16
576,87.7
577,88.16
578,87.7
579,88.62
580,88.62
581,88.16
582,88.62
583,87.7
584,86.79
584,88.62
585,87.24
586,87.7
587,88.16
588,88.16
589,87.24
590,87.7
591,88.16
592,88.62
593,88.16
594,87.7
595,88.16
595,88.62
596,90
598,90
599,90.92
600,90
601,90.92
602,89.54
603,89.08
604,87.7
605,88.16
606,88.16
606,87.7
607,87.7
608,88.16
609,88.16
610,86.79
611,88.16
612,88.62
613,87.7
614,88.16
615,88.16
616,88.16
617,88.62
617,88.62
618,87.7
619,88.16
620,88.62
621,88.16
622,87.7
623,88.16
624,87.7
625,88.62
626,88.16
627,88.62
627,88.62
628,87.7
629,87.24
630,88.62
631,87.24
632,87.7
633,87.7
634,88.62
635,87.7
636,89.08
637,88.16
638,87.7
638,88.16
640,91.84
641,92.3
642,92.3
643,92.3
644,93.21
645,92.3
646,91.38
647,89.54
648,87.7
649,88.16
649,88.16
650,87.7
651,87.7
652,88.16
653,88.62
654,88.16
655,88.16
656,87.7
657,87.7
658,87.7
659,88.62
660,87.7
660,88.62
661,88.62
662,88.16
663,88.62
664,88.16
665,88.16
666,87.7
667,87.7
668,87.7
669,87.7
670,88.16
670,88.16
671,88.62
672,88.16
673,88.16
674,87.7
675,88.16
676,88.62
677,88.62
678,90.46
679,90
680,90.92
681,88.62
681,90.46
683,90.92
684,90.92
685,88.62
686,87.7
687,88.16
688,87.24
689,88.16
690,88.62
691,87.24
692,88.62
692,88.62
693,88.62
694,87.24
695,88.16
696,88.16
697,88.16
698,87.7
699,88.16
700,88.16
701,88.16
702,88.62
703,88.16
703,87.24
704,88.16
705,88.16
706,88.16
707,88.62
708,87.7
709,88.16
710,86.33
711,88.16
712,88.62
713,87.7
713,88.62
714,87.7
715,89.08
716,90
717,90.92
718,90.92
719,90.46
720,91.38
721,91.38
722,87.7
723,88.62
724,87.24
724,88.16
726,88.62
727,87.7
728,88.16
729,87.7
730,87.24
731,88.16
732,88.62
733,88.16
734,88.62
735,88.62
735,88.16
736,88.62
737,88.62
738,86.79
739,88.16
740,87.24
741,87.24
742,88.62
743,88.16
744,86.79
745,88.16
746,87.7
746,88.16
747,87.7
748,89.08
749,88.62
750,88.16
751,88.62
752,86.79
753,87.7
754,88.16
755,90.46
756,90.92
756,87.7
757,90
758,90
759,91.38
760,90.92
761,89.54
762,88.16
763,88.62
764,90
765,86.33
766,88.62
768,88.62
768,87.7
769,88.62
770,88.16
771,88.16
772,87.7
773,87.7
774,88.16
775,88.62
776,88.62
777,88.16
778,87.7
778,88.16
779,88.62
780,87.7
781,87.7
782,87.24
783,86.79
784,88.16
785,86.79
786,88.16
787,87.7
788,87.7
789,87.7
789,88.16
790,87.7
791,87.7
792,86.79
793,87.7
794,88.16
795,87.7
796,88.62
797,90.46
798,91.38
799,91.38
799,90.92
800,90.92
801,90.46
802,90.92
803,91.38
804,88.62
805,89.08
806,88.16
807,88.62
808,88.62
809,88.16
811,88.16
811,88.16
812,88.16
813,88.16
814,87.24
815,87.7
816,88.62
817,88.62
818,88.62
819,87.7
820,87.7
821,88.16
821,88.16
822,86.79
823,86.79
824,88.16
825,88.62
826,87.7
827,87.7
828,86.33
829,86.79
830,88.16
831,87.7
832,87.7
832,87.24
833,87.7
834,87.7
835,87.7
836,89.08
837,90.92
838,90.46
839,88.62
840,89.54
841,89.54
842,90.46
842,91.38
843,89.08
844,88.16
845,88.62
846,89.08
847,87.7
848,88.16
849,88.16
850,88.62
851,88.62
852,88.16
854,88.16
854,88.62
855,88.62
856,88.16
857,87.7
858,87.7
859,88.16
860,87.24
861,88.62
862,89.08
863,88.16
864,88.16
864,88.16
865,88.16
866,88.16
867,87.7
868,87.7
869,88.16
870,87.7
871,87.7
872,87.7
873,87.7
874,88.16
875,88.16
875,88.62
876,87.7
877,87.24
878,88.62
879,89.54
880,88.16
881,90
882,89.08
883,88.62
884,88.16
885,91.84
885,92.76
886,92.76
887,89.54
888,88.62
889,87.24
890,87.24
891,87.24
892,88.62
893,88.16
894,88.62
896,88.62
897,88.16
897,87.7
898,87.7
899,87.7
900,88.62
901,87.7
902,87.7
903,88.16
904,88.62
905,87.24
906,88.16
907,87.7
907,86.79
908,88.16
909,88.62
910,88.16
911,88.16
912,87.7
913,88.16
914,88.16
915,88.16
916,88.16
917,87.7
918,87.24
918,89.08
919,90
920,91.38
921,89.54
922,89.08
923,91.38
924,90.46
925,90.92
926,87.7
927,88.16
928,88.62
928,88.62
929,86.79
930,86.79
931,88.16
932,88.62
933,88.62
934,88.16
935,88.62
936,87.7
937,88.16
939,88.16
940,88.16
940,88.62
941,88.16
942,87.24
943,87.7
944,87.7
945,88.62
946,87.7
947,87.7
948,87.7
949,88.16
950,88.16
950,87.7
951,88.62
952,88.62
953,88.62
954,87.7
955,86.33
956,88.16
957,86.79
958,90.46
959,88.16
960,88.62
961,89.08
961,89.54
962,90.92
963,90.92
964,89.08
965,88.16
966,91.38
967,91.38
968,87.7
969,86.33
970,87.24
971,88.16
971,88.62
972,88.16
973,88.62
974,88.16
975,88.16
976,88.16
977,87.7
978,88.16
979,87.7
980,87.7
982,87.7
983,88.62
983,86.33
984,88.16
985,87.7
986,88.62
987,88.16
988,87.24
989,87.7
990,88.16
991,88.16
992,88.16
993,88.62
993,88.16
994,87.7
995,88.16
996,88.16
997,88.62
998,88.16
999,88.16
11000,-0.46
11000,-0.92
11001,-0.46
11002,-0.92
11003,-0.46
11003,-0.92
11004,0
11005,0
11005,-1.38
11006,-0.46
11008,0
11009,-0.46
11009,-0.92
11010,0
11011,0
11011,0
11012,-0.92
11014,-0.46
11015,-0.46
11016,-0.46
11017,-0.46
11018,-0.92
11019,-0.92
11020,-0.92
11021,0
11022,-0.92
11023,-1.38
11024,0
11025,0
11026,0
11027,-0.92
11028,24.8
11029,31.68
11030,29.85
11032,30.77
11033,30.31
11034,24.34
11035,27.09
11036,28.93
11037,23.88
11038,28.93
11039,23.42
11040,19.29
11041,23.88
11042,20.2
11043,17.45
11044,16.07
11046,20.2
11047,19.29
11048,19.29
11049,16.99
11051,16.99
11052,21.58
11053,15.15
11054,17.91
11055,18.37
11056,18.37
11057,17.91
11058,18.37
11060,17.45
11061,17.45
11062,18.37
11063,17.91
11064,17.91
11065,18.37
11066,18.37
11067,18.37
11068,18.83
11069,16.99
11070,19.29
11071,19.29
11072,19.29
11074,17.91
11075,19.74
11076,16.53
11077,18.37
11078,18.37
11079,17.91
11080,19.29
11081,18.83
11082,16.99
11083,18.83
11084,19.29
11085,18.37
11086,18.83
11088,19.29
11089,18.37
11090,17.91
11091,20.2
11092,18.83
11094,18.83
11095,17.91
11096,18.83
11097,19.29
11098,19.74
11099,19.29
11100,19.29
11102,19.74
11103,20.66
11104,19.74
11105,20.2
11106,19.74
11107,19.74
11108,20.66
11109,21.12
11110,21.58
11111,22.04
11112,21.58
11113,22.04
11114,20.66
11116,21.58
11117,22.04
11118,22.5
11119,21.58
11120,22.5
11121,23.42
11122,23.42
11123,23.88
11124,24.8
11125,24.34
11126,24.8
11127,24.8
11128,24.8
11130,25.26
11131,25.26
11132,27.55
11133,27.09
11134,26.63
11136,27.55
11137,27.09
11138,28.93
11139,28.93
11140,28.93
11141,30.31
11142,30.31
11144,30.77
11145,31.22
11146,31.22
11147,31.22
11148,32.14
11149,33.06
11150,33.06
11151,33.06
11152,33.98
11153,32.6
11154,34.44
11155,35.36
11156,34.44
11158,35.36
11159,35.82
11160,36.28
11161,35.82
11162,36.73
11163,36.28
11164,37.19
11165,36.28
11166,37.65
11167,37.65
11168,39.03
11169,38.11
11171,39.03
11172,37.65
11173,39.49
11174,39.03
11175,39.95
11176,39.95
11177,40.41
11179,40.87
11180,40.87
11181,42.24
11182,41.79
11183,41.79
11184,42.24
11186,40.87
11187,43.16
11188,43.16
11189,42.7
11190,44.54
11191,44.08
11192,44.54
11193,45
11194,45.92
11195,45.46
11196,46.38
11197,47.3
11198,47.3
11200,48.21
11201,47.76
11202,47.76
11203,48.21
11204,49.13
11205,49.59
11206,50.05
11207,50.51
11208,51.43
11209,51.43
11210,51.89
11211,50.97
11213,53.27
11214,52.35
11215,52.35
11216,53.72
11217,54.64
11218,54.18
11219,55.56
11220,54.64
11222,55.1
11223,55.1
11224,56.02
11225,56.02
11226,56.48
11228,56.94
11229,56.94
11230,57.86
11231,58.78
11232,59.69
11233,59.23
11234,59.69
11235,60.15
11236,59.69
11237,60.61
11238,60.61
11239,60.61
11240,61.53
11242,61.99
11243,60.61
11244,62.45
11245,62.45
11246,62.91
11247,63.37
11248,63.83
11249,64.29
11250,64.29
11251,65.2
11252,66.12
11253,65.2
11255,65.66
11256,66.58
11257,67.04
11258,67.04
11259,67.96
11260,67.96
11261,67.5
11262,67.96
11264,68.88
11265,69.34
11266,69.8
11267,68.88
11268,69.34
11270,70.26
11271,70.26
11272,71.63
11273,71.17
11274,71.63
11275,71.17
11276,72.09
11277,73.47
11278,73.47
11279,74.39
11280,73.93
11281,74.85
11282,73.01
11284,73.47
11285,74.39
11286,74.39
11287,73.93
11288,72.09
11289,72.09
11290,73.01
11291,73.47
11292,73.93
11293,73.47
11294,75.31
11295,74.85
11297,74.39
11298,75.31
11299,75.77
11300,76.68
11301,76.22
11302,76.68
11303,76.22
11304,77.6
11305,77.6
11307,77.6
11308,79.44
11309,78.98
11310,78.98
11312,78.98
11313,78.98
11314,79.9
11315,79.9
11316,80.82
11317,80.82
11318,81.28
11319,81.28
11320,81.28
11321,81.73
11322,80.36
11323,82.19
11324,82.65
11326,82.65
11327,83.11
11328,83.11
11329,83.57
11330,83.57
11331,83.57
11332,83.57
11333,84.03
11334,84.03
11335,101.02
11336,76.68
11338,84.03
11339,85.41
11340,85.87
11341,84.49
11342,85.87
11343,86.79
11344,87.24
11345,87.7
11346,101.48
11347,107.91
11348,106.53
11351,87.24
11352,105.61
11353,95.51
11354,88.62
11355,89.08
11356,89.54
11357,103.78
11358,89.08
11359,104.69
11361,103.78
11362,106.07
11363,91.38
11364,105.61
11365,105.15
11366,92.76
11367,104.23
11369,88.62
11370,100.56
11371,101.48
11372,91.38
11373,98.72
11374,90
11375,90.92
11376,91.38
11377,95.97
11378,90
11380,90.92
11381,90.92
11382,91.38
11383,92.76
11384,90
11385,90.46
11386,90.92
11387,90.46
11388,88.62
11389,90.46
11390,90
11392,91.38
11393,90
11395,90.46
11396,90
11397,90.92
11398,89.54
11399,89.54
11400,89.08
11401,89.54
11402,89.08
11403,89.08
11404,89.54
11405,89.08
11406,89.08
11408,89.08
11409,87.7
11410,89.08
11411,88.16
11412,88.62
11413,88.62
11414,89.08
11415,91.84
11416,87.7
11417,89.54
11418,89.54
11419,92.76
11420,89.54
11422,88.62
11423,89.08
11424,91.38
11425,88.16
11426,88.62
11427,87.7
11428,94.59
11429,88.16
11430,87.7
11431,89.08
11432,92.3
11433,94.13
11435,88.16
11437,89.08
11438,92.76
11439,86.79
11440,88.62
11441,89.54
11442,88.16
11443,88.62
11444,88.62
11445,89.08
11446,88.16
11447,88.62
11448,87.7
11450,88.62
11451,88.62
11452,89.54
11453,89.08
11454,89.54
11455,88.62
11456,89.08
11457,88.62
11458,87.7
11459,89.08
11460,89.08
11461,89.08
11462,89.08
11464,89.08
11465,90
11466,89.54
11467,89.54
11468,89.08
11469,89.08
11470,89.54
11471,89.08
11472,89.08
11473,89.08
11474,88.62
11475,89.54
11476,89.08
11479,89.08
11480,89.08
11481,88.62
11482,88.62
11483,88.62
11484,88.16
11485,88.62
11486,89.08
11487,87.7
11488,88.16
11489,88.16
11490,88.16
11492,88.62
11493,88.16
11494,88.62
11495,88.62
11496,88.16
11497,87.7
11498,88.62
11499,87.7
11500,87.7
11501,87.7
11502,88.16
11503,87.7
11504,88.62
11506,93.21
11507,88.16
11508,88.16
11509,90.46
11510,90.92
11511,87.7
11512,88.16
11513,88.62
11514,91.84
11515,87.24
11516,88.16
11517,87.7
11518,92.3
11521,88.62
11522,87.7
11523,87.7
11524,86.79
11525,88.16
11526,88.16
11527,87.7
11528,88.62
11529,87.7
11530,87.7
11531,88.16
11532,87.7
11534,88.62
11535,87.7
11536,87.7
11537,88.16
11538,86.79
11539,89.08
11540,89.08
11541,87.24
11542,87.7
11543,88.62
11544,88.62
11545,88.62
11546,89.54
11548,86.79
11549,88.16
11550,88.16
11551,89.54
11552,87.7
11553,86.79
11554,88.62
11555,89.08
11556,88.62
11557,88.62
11558,88.16
11559,88.16
11561,89.08
11563,88.16
11564,88.16
11565,89.08
11566,89.08
11567,87.7
11568,87.24
11569,88.16
11570,88.16
11571,88.62
11572,88.16
11573,88.16
11574,90
11576,87.7
11577,88.62
11578,88.16
11579,94.59
11580,88.16
11581,87.7
11582,88.16
11583,92.3
11584,88.62
11585,88.16
11586,88.16
11587,92.76
11588,88.16
11590,87.7
11591,88.62
11592,86.33
11593,87.7
11594,88.16
11595,88.16
11596,89.08
11597,88.62
11598,87.7
11599,88.16
11600,88.16
11601,89.54
11603,88.62
11604,87.24
11606,88.16
11607,88.16
11608,88.16
11609,88.16
11610,87.7
11611,88.16
11612,88.16
11613,88.62
11614,87.7
11615,87.24
11616,88.16
11618,87.7
11619,88.62
11620,88.16
11621,88.16
11622,88.16
11623,88.16
11624,89.54
11625,87.7
11626,88.16
11627,88.16
11628,88.62
11629,88.16
11630,88.62
11632,88.16
11633,88.16
11634,87.24
11635,88.16
11636,87.7
11637,88.16
11638,92.76
11639,88.62
11640,88.16
11641,88.16
11642,90
11643,88.16
11645,88.16
11646,87.7
11648,86.79
11649,88.16
11650,87.7
11651,88.16
11652,90
11653,88.62
11654,87.7
11655,88.62
11656,90
11657,86.79
11658,88.16
11660,88.16
11661,90.92
11662,88.16
11663,87.7
11664,88.62
11665,88.16
11666,89.08
11667,88.62
11668,87.7
11669,87.7
11670,87.7
11671,88.16
11672,87.7
11674,86.79
11675,90.92
11676,88.62
11677,88.16
11678,87.7
11679,90.46
11680,88.16
11681,88.16
11682,87.7
11683,87.7
11684,87.24
11685,88.16
11687,88.62
11688,90.46
11689,90.46
11691,88.16
11692,88.16
11693,88.62
11694,88.16
11695,88.16
11696,88.62
11697,87.7
11698,90.46
11699,88.16
11700,89.08
11702,88.62
11703,90.92
11704,87.7
11705,87.7
11706,87.24
11707,91.38
11708,86.79
11709,89.08
11710,88.16
11711,90.92
11712,88.16
11713,87.7
11714,88.62
11716,88.16
11717,88.62
11718,88.16
11719,88.16
11720,88.16
11721,88.16
11722,88.16
11723,88.16
11724,87.7
11725,88.62
11726,88.16
11727,87.7
11729,88.16
11730,89.08
11731,88.62
11732,88.16
11734,86.79
11735,89.54
11736,88.62
11737,88.16
11738,88.16
11739,91.38
11740,88.16
11741,88.16
11742,88.16
11744,89.54
11745,88.62
11746,87.7
11747,87.7
11748,90.92
11749,86.79
11750,87.7
11751,88.16
11752,88.62
11753,87.7
11754,88.62
11755,87.7
11757,92.3
11758,87.7
11759,88.16
11760,88.16
11761,88.62
11762,88.16
11763,88.16
11764,86.79
11765,88.62
11766,88.62
11767,86.79
11768,88.16
11769,87.7
11771,90
11772,88.62
11773,88.62
11774,88.16
11776,89.54
11777,88.16
11778,87.24
11779,88.62
11780,91.38
11781,87.7
11782,88.16
11783,88.16
11784,91.38
11786,88.16
11787,88.62
11788,88.16
11789,89.54
11790,88.16
11791,88.16
11792,88.62
11793,90.46
11794,88.16
11795,88.16
11796,88.62
11797,88.16
11799,88.16
11800,88.16
11801,88.16
11802,88.62
11803,88.16
11804,88.62
11805,87.24
11806,88.16
11807,89.54
11808,87.7
11809,88.16
11810,87.7
11811,90
11813,88.62
11814,87.7
11815,88.62
11816,91.38
11817,86.79
11819,88.16
11820,87.7
11821,90.92
11822,88.16
11823,88.16
11824,88.16
11825,89.08
11826,87.7
11828,88.16
11829,87.7
11830,91.38
11831,89.54
11832,88.62
11833,88.16
11834,88.62
11835,88.16
11836,88.16
11837,88.16
11838,86.79
11839,89.54
11841,87.7
11842,87.7
11843,86.79
11844,89.08
11845,88.16
11846,87.7
11847,88.62
11848,90
11849,87.7
11850,86.79
11851,88.62
11852,91.84
11853,87.7
11855,88.16
11856,88.16
11857,88.62
11858,88.16
11859,88.16
11860,87.7
11862,93.21
11863,88.16
11864,87.7
11865,88.16
11866,88.16
11867,88.16
11868,87.7
11870,87.7
11871,90
11872,87.7
11873,87.7
11874,88.16
11875,87.7
11876,89.08
11877,87.7
11878,88.16
11879,88.16
11880,90.92
11881,88.62
11883,88.16
11884,88.62
11885,90.92
11886,88.16
11887,87.7
11888,88.62
11889,90.92
11890,88.16
11891,88.16
11892,86.79
11893,89.54
11894,88.16
11895,88.16
11897,88.16
11898,89.08
11899,88.16
11900,88.16
11901,88.62
11902,86.79
11904,88.62
11905,88.16
11906,88.16
11907,88.62
11908,88.16
11909,87.7
11911,87.7
11912,88.62
11913,90
11914,88.16
11915,88.16
11916,88.62
11917,90
11918,87.7
11919,88.16
11920,88.62
11921,90.92
11922,88.16
11923,87.7
11925,87.7
11926,90
11927,88.16
11928,87.7
11929,88.16
11930,92.76
11931,88.62
11932,88.16
11933,89.08
11934,90
11935,88.16
11936,87.7
11937,88.62
11939,88.16
11940,88.62
11941,88.16
11942,87.7
11943,88.16
11944,87.7
11945,88.16
11947,88.16
11948,88.16
11949,90.46
11950,87.7
11951,87.7
11953,88.62
11954,90
11955,88.16
11956,88.16
11957,88.62
11958,90.92
11959,87.7
11960,88.62
11961,88.62
11962,90.46
11963,87.7
11964,88.16
11965,87.7
11967,89.54
11968,87.7
11969,88.16
11970,87.7
11971,87.7
11972,90
11973,87.7
11974,88.16
11975,88.16
11976,89.54
11977,88.62
11978,88.16
11979,86.79
11981,90.92
11982,87.7
11983,88.16
11984,88.62
11985,90.46
11986,87.7
11987,88.16
11988,87.24
11990,89.08
11991,88.16
11992,88.16
11993,88.16
11995,87.7
11996,88.16
11997,88.16
11998,88.16
11999,88.16
22000,-0.46
22000,0
22001,-0.46
22002,0
22002,0
22003,0
22004,0
22005,-0.46
22005,0
22006,0
22007,-1.38
22007,-0.46
22008,-0.46
22009,0
22010,-0.46
22010,1.84
22011,-0.46
22012,0
22013,-0.46
22014,0
22016,0
22017,-0.46
22018,-0.46
22019,0
22021,-0.46
22022,0
22023,0
22024,-0.46
22025,0
22026,0
22027,22.5
22028,32.14
22029,32.14
22030,31.68
22031,31.68
22032,31.68
22033,27.09
22034,27.09
22035,22.5
22036,27.55
22037,21.58
22039,21.58
22040,21.12
22041,21.12
22042,17.91
22043,20.2
22044,19.29
22045,18.37
22046,16.99
22047,15.15
22048,15.61
22049,20.66
22050,18.83
22051,18.37
22053,18.37
22054,17.91
22055,17.45
22056,18.37
22057,17.45
22059,16.53
22060,17.45
22061,16.53
22062,17.45
22063,17.45
22064,17.91
22065,16.07
22066,17.45
22068,17.91
22069,18.37
22070,18.37
22071,18.83
22072,18.37
22073,18.83
22074,18.83
22075,18.37
22076,18.83
22077,17.91
22078,18.37
22079,18.37
22081,16.53
22082,18.37
22083,17.91
22084,18.83
22085,18.37
22086,18.83
22087,17.45
22088,17.91
22089,19.29
22090,17.91
22091,18.37
22092,18.37
22093,19.74
22095,18.83
22096,19.29
22097,18.83
22098,19.29
22099,18.83
22100,20.2
22102,20.2
22103,20.2
22104,20.2
22105,19.29
22106,20.2
22107,20.66
22109,19.74
22110,20.66
22111,20.2
22112,21.12
22113,21.58
22114,22.04
22115,20.66
22116,22.04
22117,21.58
22118,22.5
22119,22.96
22120,24.34
22121,23.88
22123,23.42
22124,24.34
22125,24.34
22126,23.88
22127,26.63
22128,25.71
22129,25.71
22130,25.26
22131,26.63
22132,27.09
22133,28.01
22134,27.55
22135,28.01
22137,28.47
22138,29.85
22139,29.39
22140,31.22
22141,30.31
22142,29.85
22144,30.77
22145,33.06
22146,31.68
22147,31.68
22148,32.6
22149,33.52
22151,32.14
22152,33.52
22153,33.98
22154,34.9
22155,34.44
22156,34.9
22157,35.36
22158,35.36
22159,35.82
22160,36.73
22161,36.28
22162,36.28
22163,36.28
22165,37.65
22166,37.65
22167,37.65
22168,38.57
22169,39.03
22170,38.57
22171,38.57
22172,38.57
22173,39.49
22174,40.87
22175,40.41
22176,40.87
22177,40.41
22179,40.87
22180,41.79
22181,42.24
22182,42.24
22183,43.16
22184,43.16
22185,43.16
22187,43.62
22188,44.08
22189,44.08
22190,44.54
22191,45
22193,45.92
22194,45.92
22195,45.46
22196,46.38
22197,46.84
22198,46.84
22199,47.3
22200,50.05
22201,47.3
22202,48.21
22203,49.13
22204,49.59
22205,50.97
22207,50.51
22208,50.97
22209,50.97
22210,52.35
22211,51.89
22212,53.27
22213,52.81
22214,53.27
22215,53.72
22216,54.64
22217,54.18
22218,54.64
22219,56.02
22221,56.02
22222,55.1
22223,56.02
22224,56.48
22225,56.02
22226,58.32
22227,56.48
22228,57.4
22230,56.48
22231,57.4
22232,59.69
22233,59.69
22235,59.23
22236,60.15
22237,60.61
22238,60.61
22239,61.07
22240,61.53
22241,60.15
22242,61.99
22243,62.45
22244,62.45
22245,63.37
22246,64.29
22247,63.37
22249,62.91
22250,64.74
22251,64.74
22252,66.12
22253,66.12
22254,66.12
22255,66.58
22256,66.58
22257,67.04
22258,67.96
22259,67.5
22260,67.96
22261,67.96
22263,68.42
22264,68.88
22265,69.34
22266,69.34
22267,70.26
22268,70.26
22269,69.34
22270,71.17
22272,71.63
22273,72.55
22274,72.09
22275,73.01
22277,72.55
22278,73.47
22279,73.93
22280,74.39
22281,71.17
22282,72.55
22283,72.55
22284,73.93
22285,74.85
22286,73.01
22287,73.47
22288,72.55
22289,73.47
22291,73.93
22292,73.47
22293,73.47
22294,74.39
22295,75.31
22296,75.31
22297,74.85
22298,76.22
22299,76.68
22300,76.68
22301,77.14
22302,76.68
22304,76.22
22305,78.06
22306,78.06
22307,78.98
22308,79.44
22309,78.98
22310,78.52
22311,78.52
22312,78.98
22313,80.36
22315,79.44
22316,81.28
22317,80.36
22319,81.28
22320,81.28
22321,80.82
22322,81.73
22323,81.73
22324,82.65
22325,83.11
22326,82.65
22327,83.11
22328,83.57
22329,83.11
22330,84.03
22331,83.11
22333,83.57
22334,84.03
22335,84.95
22336,84.49
22337,85.41
22338,84.95
22339,85.87
22340,86.33
22341,85.87
22342,85.87
22343,87.7
22344,90.46
22346,87.24
22347,88.62
22348,90.92
22349,108.83
22350,105.15
22351,89.08
22352,100.56
22353,88.16
22354,88.62
22355,88.62
22358,89.08
22359,101.48
22360,90.92
22361,104.69
22362,105.15
22363,88.62
22364,102.86
22365,102.4
22367,104.23
22368,91.38
22369,103.78
22370,91.84
22371,99.64
22372,89.54
22373,90.46
22374,91.38
22375,95.51
22376,90.46
22378,90
22379,90.46
22380,95.05
22381,90.46
22382,90.46
22383,90.46
22384,96.89
22385,93.67
22386,90.46
22387,89.08
22388,90.92
22389,90.92
22391,90.46
22392,90.46
22393,88.62
22394,91.38
22395,90.46
22396,89.54
22397,90
22398,90
22400,89.54
22401,89.54
22402,89.08
22403,90
22404,89.54
22406,89.54
22407,89.54
22408,90
22409,89.54
22410,88.62
22411,88.62
22412,89.08
22413,91.84
22414,89.54
22415,89.08
22416,89.08
22417,90
22418,89.08
22420,88.16
22421,88.62
22422,92.3
22423,88.16
22424,88.62
22425,89.54
22426,95.51
22427,88.16
22428,88.16
22429,88.16
22430,91.38
22431,87.7
22433,88.62
22434,89.08
22435,89.08
22436,87.24
22437,88.16
22438,88.62
22439,88.16
22440,88.62
22441,88.62
22443,88.62
22444,90
22445,88.62
22446,88.16
22448,88.16
22449,87.7
22450,89.08
22451,88.62
22452,88.62
22453,89.08
22454,88.62
22455,89.08
22456,89.08
22457,88.16
22458,90
22459,88.62
22460,89.08
22462,88.62
22463,89.08
22464,88.62
22465,89.54
22466,89.08
22467,89.08
22468,89.08
22469,89.08
22470,89.08
22471,88.16
22472,89.08
22473,89.54
22475,87.7
22476,88.62
22477,87.7
22478,88.62
22479,89.08
22480,87.7
22481,89.08
22482,88.62
22483,88.62
22484,88.62
22486,88.62
22487,90
22488,88.62
22490,88.62
22491,88.62
22492,88.16
22493,88.62
22494,88.62
22495,88.62
22496,88.62
22497,88.16
22498,88.16
22499,87.7
22500,88.16
22501,88.62
22502,88.16
22504,92.76
22505,88.62
22506,87.7
22507,89.08
22508,91.38
22509,88.62
22510,88.16
22511,87.7
22512,91.38
22513,87.7
22514,88.62
22515,87.7
22517,91.38
22518,88.62
22519,87.7
22520,87.7
22521,88.16
22522,87.7
22523,88.62
22524,87.7
22525,89.08
22526,90.46
22528,88.62
22529,86.79
22530,88.16
22532,87.7
22533,87.7
22534,88.62
22535,87.7
22536,88.16
22537,88.16
22538,88.16
22539,86.79
22540,88.16
22541,90
22542,88.16
22543,87.7
22545,88.16
22546,88.16
22547,86.79
22548,88.16
22549,88.62
22550,88.16
22551,88.16
22552,88.16
22553,88.16
22554,88.62
22555,88.16
22556,88.16
22557,87.7
22559,87.7
22560,88.62
22561,87.7
22562,88.16
22563,88.16
22564,89.54
22565,88.16
22566,88.62
22567,87.7
22568,90
22569,86.79
22571,87.7
22572,87.7
22574,89.08
22575,87.7
22576,88.62
22577,88.62
22578,93.67
22579,88.16
22580,88.62
22581,88.62
22582,87.7
22583,88.16
22584,88.16
22585,88.16
22587,91.84
22588,88.16
22589,88.62
22590,86.79
22591,87.7
22592,90.92
22593,88.16
22594,87.7
22595,87.7
22596,90
22597,87.7
22598,87.7
22599,88.62
22601,89.08
22602,88.62
22603,87.7
22604,88.16
22605,87.7
22606,87.7
22607,88.16
22608,86.79
22609,88.16
22610,86.79
22611,87.7
22612,88.62
22614,87.7
22616,90
22617,88.62
22618,88.16
22619,88.62
22620,89.08
22621,87.7
22622,87.7
22623,88.16
22624,90
22625,87.7
22626,88.16
22627,88.16
22629,90.92
22630,87.7
22631,88.62
22632,87.7
22633,88.16
22634,86.79
22635,88.16
22636,86.79
22637,88.62
22638,87.7
22639,86.79
22640,88.62
22641,91.84
22643,87.24
22644,87.7
22645,88.62
22646,93.67
22647,88.16
22648,88.16
22649,88.16
22650,88.16
22651,89.08
22652,88.16
22653,87.7
22654,88.16
22656,90
22658,88.16
22659,88.16
22660,88.16
22661,90
22662,87.7
22663,88.16
22664,88.16
22665,89.08
22666,86.79
22667,88.62
22668,88.16
22669,87.7
22671,88.16
22672,88.16
22673,88.16
22674,87.7
22675,88.62
22676,88.16
22677,87.7
22678,88.62
22679,87.7
22680,88.62
22681,87.7
22682,88.16
22683,86.79
22685,87.7
22686,87.7
22687,88.62
22688,89.08
22689,88.16
22690,88.62
22691,88.62
22692,88.62
22693,88.16
22694,88.62
22695,88.16
22696,90.46
22697,88.16
22700,86.79
22701,88.62
22702,91.38
22703,88.16
22704,86.79
22705,87.7
22706,88.62
22707,88.16
22708,87.7
22709,87.7
22710,92.76
22711,87.7
22713,87.7
22714,87.7
22715,88.16
22716,88.62
22717,88.16
22718,87.7
22719,88.62
22720,87.7
22721,88.16
22722,88.16
22723,87.7
22724,89.54
22725,87.7
22727,88.62
22728,88.16
22729,90.46
22730,88.16
22731,88.16
22732,88.16
22733,88.16
22734,87.7
22735,87.7
22736,88.16
22737,87.7
22738,89.54
22740,87.7
22742,88.16
22743,88.16
22744,87.7
22745,88.62
22746,88.16
22747,86.33
22748,91.38
22749,87.7
22750,88.16
22751,88.16
22752,89.08
22753,87.7
22755,87.7
22756,88.62
22757,91.84
22758,87.24
22759,88.62
22760,88.62
22761,88.16
22762,86.79
22763,87.7
22764,88.62
22765,87.7
22766,88.16
22767,88.16
22769,87.7
22770,86.79
22771,88.16
22772,88.62
22773,88.62
22774,86.79
22775,90.46
22776,88.16
22777,88.16
22778,88.16
22779,88.16
22780,88.16
22782,88.16
22784,88.16
22785,90.46
22786,88.16
22787,88.16
22788,88.62
22789,90
22790,87.7
22791,88.16
22792,88.16
22793,88.62
22794,88.16
22795,88.16
22797,87.7
22798,88.62
22799,87.7
22800,86.79
22801,87.7
22802,88.62
22803,88.16
22804,88.16
22805,88.62
22806,87.7
22807,88.62
22808,87.7
22809,87.7
22811,87.24
22812,90.92
22813,88.16
22814,87.7
22815,88.16
22816,89.54
22817,88.16
22818,88.16
22819,88.16
22820,91.38
22821,88.16
22822,88.16
22824,88.16
22825,88.16
22827,87.7
22828,88.62
22829,88.16
22830,88.62
22831,88.16
22832,87.7
22833,88.16
22834,89.08
22835,86.79
22836,87.7
22837,87.7
22839,88.16
22840,90.92
22841,88.62
22842,88.16
22843,87.7
22844,88.62
22845,87.7
22846,88.62
22847,88.16
22848,89.54
22849,87.7
22850,88.16
22851,87.7
22853,90.92
22854,86.79
22855,87.7
22856,87.7
22857,90.46
22858,86.79
22859,87.7
22860,88.16
22861,90.92
22862,88.62
22863,88.16
22864,88.16
22866,87.7
22867,88.16
22868,87.7
22870,88.16
22871,88.62
22872,90.92
22873,88.16
22874,88.16
22875,88.16
22876,89.54
22877,86.79
22878,88.16
22879,88.62
22881,88.16
22882,88.62
22883,88.16
22884,88.16
22885,91.84
22886,88.16
22887,88.16
22888,88.16
22889,88.62
22890,88.16
22891,87.7
22892,88.62
22893,88.16
22895,87.7
22896,88.16
22897,87.7
22898,88.62
22899,91.38
22900,88.16
22901,88.62
22902,87.7
22903,90.46
22904,87.7
22905,88.16
22906,88.16
22908,88.16
22909,88.16
22910,88.62
22912,88.16
22913,89.08
22914,87.7
22915,87.7
22916,88.62
22917,87.7
22918,87.7
22919,87.7
22920,88.16
22921,92.3
22923,87.7
22924,87.7
22925,88.16
22926,87.24
22927,89.08
22928,88.62
22929,88.16
22930,87.7
22931,86.79
22932,88.16
22933,88.62
22934,88.62
22936,90.46
22937,87.7
22938,88.16
22939,88.16
22940,90
22941,88.16
22942,88.16
22943,87.7
22944,91.38
22945,87.7
22946,88.16
22947,88.16
22948,87.7
22950,88.62
22951,87.7
22952,87.7
22953,88.16
22955,88.16
22956,88.16
22957,88.16
22958,88.16
22959,87.7
22960,88.16
22961,88.62
22962,88.62
22963,91.84
22965,88.16
22966,88.16
22967,88.62
22968,89.08
22969,88.62
22970,88.16
22971,87.7
22972,89.54
22973,86.79
22974,88.16
22975,87.7
22976,90
22978,88.16
22979,87.7
22980,87.7
22981,89.54
22982,88.16
22983,88.62
22984,88.62
22985,89.08
22986,90
22987,86.79
22988,86.79
22989,88.16
22990,88.16
22992,88.16
22993,86.79
22994,86.79
22995,89.54
22996,87.7
22998,88.62
22999,88.16
33000,-0.46
33001,0
33001,-0.46
33002,-0.46
33003,0
33003,-1.38
33004,18.83
33005,32.14
33006,33.52
33006,30.77
33007,34.44
33008,28.47
33009,29.39
33010,30.31
33010,28.47
33011,22.96
33012,25.26
33013,28.01
33014,22.04
33015,26.17
33016,22.5
33017,18.83
33018,22.04
33020,19.29
33021,17.45
33022,17.91
33024,18.83
33025,17.91
33026,17.91
33027,16.99
33028,20.66
33029,19.29
33030,18.37
33031,16.99
33032,17.91
33033,16.99
33035,16.99
33036,17.45
33037,16.53
33038,16.53
33039,22.5
33040,16.99
33041,21.58
33042,21.58
33043,20.2
33044,15.15
33045,19.29
33046,17.45
33047,16.99
33049,16.53
33050,17.91
33051,18.37
33052,18.37
33053,17.91
33054,19.74
33055,17.91
33056,17.91
33057,17.91
33058,17.45
33059,17.45
33060,17.45
33062,18.37
33063,16.53
33064,18.37
33065,17.45
33067,17.91
33068,18.37
33069,16.99
33070,18.83
33071,17.45
33072,18.37
33073,17.91
33074,19.29
33075,19.74
33077,18.83
33078,19.29
33079,20.2
33080,18.83
33081,18.37
33082,19.29
33083,20.2
33084,20.66
33085,21.58
33086,18.83
33087,19.74
33088,21.12
33090,21.58
33091,22.04
33092,21.58
33093,21.58
33094,22.04
33095,22.04
33096,23.42
33097,23.88
33098,22.96
33099,23.42
33100,23.42
33101,24.8
33102,24.8
33104,25.26
33105,25.71
33106,25.26
33107,25.71
33108,27.55
33110,28.47
33111,26.63
33112,27.09
33113,27.55
33114,28.01
33115,28.47
33116,28.47
33117,29.39
33119,29.85
33120,30.77
33121,30.77
33122,30.77
33123,31.22
33124,31.68
33125,32.6
33126,33.52
33127,33.06
33128,32.14
33129,31.22
33130,33.98
33132,33.98
33133,34.44
33134,34.44
33135,34.44
33136,34.9
33137,35.82
33138,35.82
33139,36.28
33140,35.82
33141,36.73
33142,37.19
33143,38.11
33144,37.65
33146,37.65
33147,38.11
33148,38.11
33149,39.03
33150,39.95
33152,40.41
33153,39.95
33154,39.95
33155,40.87
33156,40.41
33157,40.87
33158,41.33
33159,41.33
33161,41.79
33162,42.7
33163,42.7
33164,42.7
33165,43.62
33166,44.08
33167,43.62
33168,43.62
33169,43.62
33170,45
33171,45
33172,46.38
33174,46.38
33175,46.84
33176,47.76
33177,47.3
33178,47.3
33179,48.67
33180,48.67
33181,49.13
33182,50.51
33183,50.51
33184,49.59
33185,50.51
33186,51.89
33188,51.89
33189,52.35
33190,52.35
33191,53.27
33192,52.81
33193,53.72
33195,53.72
33196,54.18
33197,53.72
33198,54.64
33199,55.1
33200,56.02
33201,56.02
33203,56.94
33204,55.56
33205,56.48
33206,57.4
33207,57.86
33208,58.32
33209,58.78
33210,58.78
33211,59.69
33212,59.23
33213,60.61
33214,61.07
33216,60.61
33217,61.07
33218,61.07
33219,60.61
33220,61.99
33221,61.53
33222,62.91
33223,61.99
33224,63.83
33225,63.83
33226,64.29
33227,63.83
33228,65.2
33230,64.74
33231,65.66
33232,65.66
33233,66.58
33234,66.12
33235,66.58
33236,67.5
33238,67.04
33239,67.5
33240,67.96
33241,69.34
33242,69.34
33244,69.34
33245,68.42
33246,69.34
33247,70.71
33248,70.26
33249,70.71
33250,70.71
33251,71.63
33252,71.17
33253,72.55
33254,73.01
33255,73.93
33256,73.47
33258,73.93
33259,74.39
33260,73.93
33261,74.39
33262,75.77
33263,74.85
33264,73.47
33265,73.47
33266,70.71
33267,74.39
33268,73.47
33269,73.01
33270,72.09
33272,74.39
33273,75.31
33274,74.85
33275,74.85
33276,76.22
33277,76.22
33278,75.77
33280,76.22
33281,76.68
33282,76.22
33283,77.14
33284,77.6
33286,76.68
33287,79.44
33288,79.44
33289,79.44
33290,78.98
33291,79.44
33292,78.06
33293,78.98
33294,79.9
33295,80.82
33296,81.28
33297,81.28
33298,81.28
33300,82.19
33301,80.82
33302,82.65
33303,82.19
33304,82.65
33305,83.11
33306,83.11
33307,83.11
33308,85.41
33309,83.57
33310,83.11
33311,84.95
33312,98.72
33314,84.49
33315,84.49
33316,84.95
33317,84.03
33318,85.87
33319,85.87
33320,86.79
33321,85.87
33323,86.79
33324,87.7
33325,89.08
33326,109.74
33328,102.4
33329,87.24
33330,92.76
33331,88.16
33332,87.7
33333,89.54
33334,101.02
33335,89.54
33336,99.18
33337,88.62
33339,90.92
33340,104.69
33341,93.21
33342,106.07
33343,93.21
33344,101.02
33345,102.86
33346,92.3
33348,101.48
33349,94.13
33350,98.27
33351,90
33352,90
33353,89.54
33354,95.05
33355,90
33356,90.92
33357,92.76
33358,94.13
33359,90.46
33361,90.92
33362,90.46
33363,94.13
33364,90.92
33366,90.46
33367,90.46
33368,90
33369,89.54
33370,90
33371,90
33372,89.54
33373,90.46
33374,90
33376,88.16
33377,90
33378,90
33379,89.08
33380,89.54
33381,89.54
33382,89.54
33383,89.54
33384,89.54
33385,89.08
33386,90
33387,89.08
33389,89.08
33390,89.08
33391,90
33392,88.62
33393,89.08
33394,89.08
33395,88.62
33396,91.84
33397,87.7
33398,89.08
33399,88.62
33400,89.54
33401,88.16
33403,89.08
33404,89.08
33405,93.67
33406,88.16
33408,88.62
33409,88.62
33410,91.84
33411,88.62
33412,88.62
33413,88.62
33414,92.76
33415,87.7
33417,88.62
33418,89.08
33419,89.08
33420,88.16
33421,89.08
33422,88.62
33423,89.08
33424,88.62
33425,88.16
33426,87.7
33427,89.54
33428,88.62
33429,88.62
33431,89.08
33432,89.54
33433,89.54
33434,88.62
33435,87.7
33436,89.54
33437,87.24
33438,88.62
33439,89.08
33440,89.08
33441,89.54
33442,89.08
33443,89.08
33445,89.54
33446,89.54
33447,89.54
33448,89.54
33449,87.7
33451,88.62
33452,88.62
33453,89.08
33454,89.54
33455,89.54
33456,89.08
33457,89.08
33459,89.08
33460,88.62
33461,89.08
33462,88.62
33463,89.08
33464,88.62
33465,89.08
33466,88.62
33467,88.16
33468,87.7
33469,88.16
33470,88.16
33471,87.7
33473,89.08
33474,88.62
33475,88.62
33476,87.7
33477,88.62
33478,88.16
33479,88.16
33480,88.62
33481,92.76
33482,91.84
33483,88.62
33484,87.7
33485,88.62
33487,90.92
33488,88.16
33489,88.16
33490,86.79
33491,92.76
33492,88.16
33494,88.62
33495,88.16
33496,90
33497,86.33
33498,87.7
33499,87.7
33501,88.62
33502,88.62
33503,87.7
33504,87.7
33505,89.08
33506,88.16
33507,87.7
33508,87.7
33509,88.62
33510,86.79
33511,87.7
33512,87.7
33513,88.62
33515,88.16
33516,89.54
33517,88.62
33518,87.7
33519,88.16
33520,89.08
33521,87.7
33522,88.62
33523,86.79
33524,89.54
33525,87.7
33526,88.16
33527,88.62
33529,88.16
33530,88.62
33531,88.62
33532,88.62
33533,86.33
33534,88.62
33536,87.7
33537,88.62
33538,87.7
33539,88.62
33540,88.62
33541,88.16
33543,88.62
33544,86.79
33545,87.7
33546,88.62
33547,88.62
33548,89.54
33549,88.16
33550,88.16
33551,87.7
33552,90.92
33553,87.7
33554,88.16
33555,88.16
33557,92.3
33558,87.7
33559,88.16
33560,88.62
33561,91.84
33562,88.62
33563,88.16
33564,88.16
33565,88.62
33566,88.62
33567,88.16
33568,86.79
33569,87.7
33571,90.92
33572,88.62
33573,87.7
33574,88.16
33575,90
33576,88.62
33577,87.7
33579,88.16
33580,88.16
33581,88.62
33582,88.16
33583,88.16
33585,88.16
33586,88.62
33587,88.16
33588,88.16
33589,88.16
33590,88.16
33591,88.16
33592,87.24
33593,87.7
33594,87.7
33595,88.16
33596,87.7
33597,88.16
33599,90.46
33600,88.62
33601,89.54
33602,89.54
33603,88.62
33604,88.62
33605,88.16
33606,88.62
33607,91.38
33608,88.62
33609,86.79
33610,88.16
33612,90.92
33613,88.62
33614,88.16
33615,88.16
33616,89.54
33617,88.16
33618,87.24
33619,87.7
33620,92.3
33622,88.16
33623,88.62
33624,88.16
33625,87.7
33627,90.46
33628,88.16
33629,88.16
33630,88.16
33631,88.16
33632,88.16
33633,88.16
33634,88.62
33635,91.38
33636,88.16
33637,87.7
33638,87.24
33639,89.08
33641,88.16
33642,87.7
33643,88.16
33644,88.62
33645,88.16
33646,88.16
33647,88.16
33648,88.62
33649,87.7
33650,88.62
33651,88.62
33652,87.7
33654,88.62
33655,86.79
33656,88.62
33657,87.7
33658,87.7
33659,88.16
33660,88.62
33661,87.7
33662,88.62
33664,88.16
33665,88.62
33666,88.62
33667,87.24
33669,87.7
33670,86.79
33671,88.62
33672,91.38
33673,87.7
33674,87.7
33675,88.16
33676,90.46
33677,88.16
33678,88.62
33679,88.16
33680,88.62
33681,87.7
33683,88.62
33684,88.62
33685,89.08
33686,90.46
33687,88.16
33688,88.62
33689,88.16
33690,89.08
33691,87.7
33692,88.62
33693,88.16
33694,91.84
33696,86.79
33697,87.7
33698,88.62
33699,89.08
33700,88.16
33701,88.62
33702,88.16
33703,88.16
33704,87.7
33705,88.16
33707,87.7
33708,88.16
33709,88.16
33711,87.7
33712,88.62
33713,88.62
33714,89.08
33715,88.16
33716,88.62
33717,89.08
33718,88.16
33719,87.7
33720,88.16
33721,88.16
33722,90
33723,87.7
33725,88.16
33726,87.7
33727,89.08
33728,88.16
33729,88.62
33730,87.7
33731,90.92
33732,87.24
33733,88.62
33734,88.16
33735,91.84
33736,88.16
33738,88.16
33739,88.62
33740,88.62
33741,88.62
33742,88.62
33743,88.16
33744,86.79
33745,88.16
33746,88.16
33747,88.62
33748,88.62
33750,90
33751,88.62
33753,87.7
33754,88.16
33755,88.62
33756,88.16
33757,87.7
33758,88.62
33759,89.08
33760,88.16
33761,88.62
33762,88.62
33763,90.46
33764,87.7
33766,88.16
33767,88.16
33768,87.7
33769,87.7
33770,87.7
33771,88.16
33772,91.38
33773,87.7
33774,88.16
33775,88.16
33776,88.16
33777,89.54
33778,88.62
33780,88.16
33781,87.7
33782,86.79
33783,88.16
33784,88.62
33785,88.62
33786,90.92
33787,88.16
33788,88.62
33789,86.79
33790,91.38
33792,87.7
33793,88.16
33795,87.24
33796,88.62
33797,87.7
33798,88.16
33799,88.62
33800,91.84
33801,87.7
33802,88.16
33803,87.7
33804,87.7
33805,87.7
33806,87.24
33808,88.62
33809,87.7
33810,90.46
33811,88.16
33812,87.7
33813,87.7
33814,89.08
33815,88.62
33816,88.16
33817,89.08
33818,89.54
33819,88.62
33820,88.16
33822,87.24
33823,91.84
33824,88.62
33825,88.16
33826,87.7
33827,87.7
33828,88.16
33829,88.62
33830,87.7
33831,88.62
33832,88.16
33833,88.62
33835,87.7
33837,88.62
33838,90
33839,88.62
33840,88.16
33841,88.62
33842,89.08
33843,87.7
33844,88.16
33845,88.16
33846,90.92
33847,88.16
33848,86.79
33850,88.16
33851,90.92
33852,89.54
33853,88.62
33854,88.16
33855,89.08
33856,88.16
33857,87.7
33858,88.16
33859,88.16
33860,87.7
33861,87.7
33862,88.62
33864,87.7
33865,86.79
33866,88.62
33867,88.62
33868,88.16
33869,87.7
33870,88.16
33871,88.16
33872,88.16
33873,90
33874,87.7
33875,87.7
33876,88.16
33879,89.08
33880,86.79
33881,88.62
33882,88.16
33883,91.38
33884,88.16
33885,88.62
33886,88.62
33887,91.38
33888,87.7
33889,88.16
33890,87.7
33892,88.16
33893,87.7
33894,87.7
33895,88.16
33896,88.16
33897,87.24
33898,88.16
33899,88.62
33900,88.62
33901,89.54
33902,88.16
33903,88.16
33904,88.16
33906,88.16
33907,88.62
33908,87.7
33909,86.33
33910,89.54
33911,87.7
33912,87.7
33913,87.7
33914,90
33915,88.62
33916,88.16
33917,87.24
33918,88.62
33921,88.62
33922,88.62
33923,87.7
33924,90.46
33925,89.08
33926,88.62
33927,88.62
33928,87.24
33929,87.7
33930,87.7
33931,88.16
33932,88.16
33934,89.08
33935,88.16
33936,88.16
33937,88.16
33938,90.46
33939,88.16
33940,88.16
33941,87.7
33942,88.62
33943,87.7
33944,87.7
33945,87.7
33946,92.3
33948,88.62
33949,88.62
33950,86.79
33951,87.7
33952,87.7
33953,87.7
33954,88.16
33955,88.16
33956,88.62
33957,88.16
33958,87.7
33959,88.62
33961,89.54
33963,88.16
33964,88.16
33965,88.16
33966,90.46
33967,87.7
33968,87.7
33969,88.16
33970,90
33971,87.7
33972,88.16
33973,87.7
33974,90.46
33976,88.62
33977,86.33
33978,88.62
33979,88.62
33980,87.7
33981,88.16
33982,88.62
33983,88.16
33984,88.16
33985,88.16
33986,87.7
33987,88.16
33988,90.46
33990,87.24
33991,88.16
33992,86.79
33993,89.54
33994,87.7
33995,88.62
33996,88.16
33997,89.54
33998,87.7
33999,87.7
